<?xml version="1.0" encoding="UTF-8"?>
<project-private xmlns="http://www.netbeans.org/ns/project-private/1">
    <editor-bookmarks xmlns="http://www.netbeans.org/ns/editor-bookmarks/2" lastBookmarkId="0"/>
    <open-files xmlns="http://www.netbeans.org/ns/projectui-open-files/2">
        <group>
            <file>file:/Users/Synne/NetBeansProjects/Programutvikling%20oblig/src/programutvikling/oblig/Oppgave7.java</file>
            <file>file:/Users/Synne/NetBeansProjects/Programutvikling%20oblig/src/programutvikling/oblig/Car.java</file>
            <file>file:/Users/Synne/NetBeansProjects/Programutvikling%20oblig/src/programutvikling/oblig/Oppgave8.java</file>
            <file>file:/Users/Synne/NetBeansProjects/Programutvikling%20oblig/src/programutvikling/oblig/Oppgave4.java</file>
            <file>file:/Users/Synne/NetBeansProjects/Programutvikling%20oblig/src/programutvikling/oblig/Student.java</file>
        </group>
    </open-files>
</project-private>
